Mass,Hex,HexNAc,Fuc,NeuAc,Class,HEPG2_DMEM_P4_08_compositional,HEPG2_DMEM_P6_NT_13_compositional,HEPG2_DMEM_P6_ins_14_compositional,HEPG2_EMEM_P5_06_compositional,HEPG2_EMEM_P7_NT_17_compositional,HEPG2_EMEM_P7_ins_16_compositional,PNT2_P10_DHTT_r04_compositional,PNT2_P10_DHT_r03_compositional,PNT2_P10_NT_r02_compositional,PNT2_P11_Chol_r16_compositional,PNT2_P11_NT_r17_compositional,PNT2_P14_DHTT2_r27_compositional,PNT2_P14_DHTT_r26_compositional,PNT2_P14_NT_r25_compositional,PNT2_P15_DDHTT_r12_compositional,PNT2_P16_Chol_r22_compositional,PNT2_P16_NT_r23_compositional,PNT2_P17_Chol_r19_compositional,PNT2_P17_NT_r20_compositional,PNT2_p13_DHTTx5_r07_compositional,PNT2_p13_NT_r06b_compositional
2368.84086,5,4,1,2,C-FS,14.4694966851,16.6247238977,11.1021492047,12.9056990307,9.82206739576,17.779230955,4.50093542215,4.47312359503,5.40653664297,3.54857198631,4.11107397145,4.1779188029,4.58107682269,3.93080338186,3.36350983614,4.10344052889,5.00954144596,3.70339934897,3.76263904777,3.16039677526,3.75643027671,
2222.78296,5,4,0,2,C-S,5.76291438943,10.6425742415,8.3385653707,5.28989612776,12.9966120366,12.4743701253,1.21283003273,1.02290627594,0.85723855071,0.608708975269,0.767845127188,0.653579372534,1.30668095947,1.0068854881,1.00941630989,1.07704773743,0.805783786873,0.86486760518,0.819296002065,0.759542925435,0.867467762632,
3171.12636,6,5,2,3,C-FS,5.73039783753,1.29343405872,1.66443501703,7.86926958022,2.73549044508,2.8068970967,0.22834043158,0.147393511359,0,0.249205849194,0.0996799592176,0.247309256094,0.227782375621,0.069348941251,0.201299658484,0,0.170894468032,0.0354949519937,0.102233204599,0.307402172276,0.42249288387,
2880.03096,6,5,2,2,CH-FS,5.30413094035,2.80872792046,5.22347795131,2.40216422178,3.63104081232,4.12709640889,1.04234324354,1.20768454817,0.909527125959,0.847406342158,1.25566287995,0.729137075796,1.60390280122,1.01441604945,0.928775400623,0.870305006462,1.0003941445,0.96448130688,0.937685164409,0.911748815956,1.03430518323,
2733.97306,6,5,1,2,CH-FS,4.77027972956,5.76987090681,5.62166648266,4.08643723406,5.80975912052,5.5338204765,1.12424206537,1.17849915173,1.14229723527,0.785169958466,0.992223246749,1.19019861133,1.77127531225,1.03973394462,1.32225826564,1.48627822382,1.12987849447,0.939134702825,1.25853523281,1.22189599579,1.18250715859,
3025.06846,6,5,1,3,C-FS,4.64512666089,2.33133448099,2.3516809821,8.44384852889,3.63476104267,3.37992409235,1.61907774873,3.12700602855,3.73147671497,2.76604353422,2.44619321976,1.70338120469,2.40235294333,2.27876603254,3.15993724613,2.4389572036,1.9974580338,2.33045654711,1.96538069332,3.35215033424,3.10045911516,
3391.22106,7,6,3,2,C-FS,4.52511517745,3.06206832832,3.66066308474,1.15629149895,2.79865466763,2.153084736,0,0.213226004518,0.25816650624,0.177270013028,0.167576317057,0,0.548456777036,0.0895241844534,0.0648492201843,0.0636903466364,0.0642419501216,0.0566035681733,0.130439718994,0.115878882763,0.298094769983,
3245.16316,7,6,2,2,C-FS,4.41951433336,3.89602713417,3.75488061899,3.37157800044,1.12529723128,1.7694916537,0.162769991503,0.412527314839,0.190333834493,0.198394528596,0.0714899856665,0,0.125168275471,0.314582751847,0.0450929096652,0.47159104177,0.351716274446,0.237869694268,0.465795125279,0.340355599082,0.15999614524,
2077.74546,5,4,1,1,CH-FS,2.63350420859,3.16597048708,3.57690804143,1.5162130616,3.93714839273,2.59390496822,5.09010581196,4.81642120195,5.7792978318,4.16445399406,4.05716834529,5.92972312207,6.48795936191,5.82463911984,4.79572093386,6.24880382661,5.91357201139,5.35846412486,5.41945441102,4.15967732545,4.3386001284,
3537.27896,7,6,4,2,C-FS,2.58384801023,1.69477443237,1.47009115937,2.0468791098,1.17813754293,1.22690401595,0,0.101550543663,0,0.100308738388,0,0,0,0,0,0,0,0.121976924936,0,0.00732328009173,0.0820937648307,
3682.31646,7,6,3,3,C-FS,2.06735871797,0,0.671157865913,3.26260644496,0.706794863076,0.824023655341,0,0,0.11408666769,0.0290969873455,0,0,0.151146683131,0.120623487159,0.0109897106689,0.0798528364335,0,0,0.112557831853,2.67511944661,0.0149130771374,
2954.06776,7,6,2,1,C-FS,2.00967911523,1.73730915484,2.30209390649,0.979920290785,0.835508674938,1.7641589382,0.453554989832,0.37720156088,0.451689746704,0.616899974155,0.531168532575,0.482808078904,1.39669022396,0.626099244041,0.36231023093,0.550136666059,0.903047770696,0.447288074701,0.582674486265,0.451902037522,0.530622699482,
2409.86746,4,5,1,2,C-FS,1.75880186215,2.01055433975,2.33312977881,0.879058294837,1.64844239806,1.28625812644,0.34913424185,0.486594369126,0.444141268494,0.435463560255,0.356713192321,0,0.360064512842,0.435006518713,0.319214947238,0.402191148997,0.53512159515,0.514761406267,0.557873406978,0.366950832665,0.26270661574,
3756.35326,8,7,3,2,C-FS,1.73266482744,0,1.42886647435,1.37625158956,0.323991492011,0.851032651261,0,0,0,0,0.0699458014926,0,0,0,0,0.048922414523,0,0,0.0711984562289,0.0945322814512,0.113102209716,
2588.93556,6,5,2,1,CH-FS,1.69717693013,0.960652537883,0.495817540848,0.35599300678,1.56073262456,0.618530338999,0.817703653146,0.881225628852,1.22230487187,1.01324649683,1.20013450056,1.76005201729,1.8057265977,1.13856695799,0.406724471804,1.18511555963,0.495771226521,0.952219867493,0.762318667609,0.963935521653,0.969999144841,
3026.08886,6,5,3,2,CH-FS,1.68326949005,1.33422360956,1.2360677584,0.237225436529,0,1.01302196718,2.46471907846,0.234920370107,0.18350498367,0.353453555851,0.544799659721,0,0.111323394874,0.190824296597,0.366452361711,0.159772816036,0.203301192458,0.135548061288,0.445124206385,0.157781701022,0.453347384666,
1931.68756,5,4,0,1,CH-S,1.6635829761,2.22590401834,2.50962183312,1.08009260982,1.75835763603,1.84889704674,1.60996468451,1.76157720634,1.92786872501,1.13050855464,1.79425800161,2.06349463352,2.65824758008,2.24147248939,1.69693030651,2.80111022716,2.80369496555,2.33615900836,2.18465574179,1.42070922523,1.53320924242,
2808.00986,7,6,1,1,C-FS,1.53970025407,1.79280684035,1.99258662672,1.34973416273,1.91166952401,1.95945475485,0.691263634969,0.722914541299,0.780787018426,0.639250022634,0.660467817818,1.3884847667,1.24873288151,0.813169032047,0.633240421645,0.981767420934,1.04206516416,0.724174540042,0.845336593706,0.619015875181,0.812234675757,
3901.39076,8,7,2,3,C-FS,1.50460750711,0,0,1.15098879435,0.786915656455,0.640541828398,0.289685622154,0,0.110768989767,0,0.116811035699,0,0.204270330407,0,0.0227060656276,0,0.212466096606,0,0.194964512782,0.121298216719,0.148755660941,
2514.89876,5,4,2,2,C-FS,1.46223380623,1.20083152825,1.23887296033,1.05999438343,0.578745766178,0.802071720838,0.183409456413,0.155673534892,0.291703461512,0.316606734066,0.311535379725,0.321452343921,0,0.451785934666,0.333389123918,0.388491565719,0.284749570073,0.192857960774,0.36925810667,0.344720939042,0.334665214837,
2686.98366,5,7,1,1,C-FS,1.41281068484,0,0,0.665413302491,0.105963172436,0,0,0,0,0,0,0,0.672476523799,0,0,0,0,0,0,0,0,
3100.12566,7,6,3,1,C-FS,1.41167617114,0.492733764104,2.87971083157,0.0846532871167,2.7355502151,0.336944583387,0.338489105805,0.377187628853,0.434277372861,0.553244876848,0.547660782179,0.725425611645,0.540926516432,0.50826601823,0.263047816217,0.410032045117,0,0.530092796326,0.39103236178,0.504914245897,0.640954428726,
1890.66096,6,3,0,1,H-S,1.39855131399,1.21380676682,1.56719181783,0.461034705102,1.05384308941,0.962170594216,1.01956616805,0.739197414357,1.37776612846,1.22533150905,0.919715489596,1.56474382176,1.31941086731,1.13234243925,1.08739790034,1.50969752359,0.870697280699,0.916576697415,0.940689292563,0.97689729177,1.03837546497,
3099.10526,7,6,1,2,C-FS,1.38285797955,2.48155631828,0.12204909054,2.02606257839,0.927146968207,2.11026136295,0.571783784994,0.989324225131,0.837004193942,0.681536045821,0.927078014687,0.416769030516,0.914398157229,1.02943757747,0.842501429679,0.980701448849,1.12137532569,0.908346658751,1.18755342044,0.875104409752,0.545724614703,
2587.91516,6,5,0,2,CH-S,1.36772186886,1.29037949688,0.731405088967,1.6258170378,0.705880200795,0,0.131647651417,0.389260096745,0,0.187034544108,0.280757462287,0,0.265447406079,0.239316733006,0.267657892636,0.305008838834,0.247846706882,0.321130875125,0.32202974579,0.162125703271,0.161622307976,
3902.41116,8,7,4,2,C-FS,1.16562098719,1.59369564624,1.48962494355,1.33330683933,0.766813009613,0.721681119676,0,0,0,0,0,0,0.0845854024899,0.0613805091685,0.0224739380205,0.036080243574,0,0,0.0367603360256,0.125428397327,0,
3317.18426,6,5,3,3,C-FS,1.07171566734,0.360784057945,0.35093912402,1.10369777827,0.331515268476,0.376962070066,0,0,0,0,0,0,0,0,0,0,0,0,0,0,0,
2223.80336,5,4,2,1,CH-FS,1.03362224741,0.350135032911,2.30964666562,0.263874292354,0.140899649141,0.339777694847,4.24237214008,3.61252909814,4.54178222556,4.15039496001,5.18746281039,5.81047797033,5.72183275287,4.8976737739,4.04276023757,3.40549738561,4.54450168099,3.20177229479,4.04016137636,3.81074841206,3.74620736284,
4047.44866,8,7,3,3,C-FS,1.02451372312,0.253080575741,0,1.9213331866,0.260561021241,1.27232228087,0.0920430656336,0,0,0,0,0,0,0,0,0,0.0524778383548,0,0,0.138544865846,0.104542918317,
3828.37436,7,6,4,3,C-FS,0.900606304189,0,0,1.28698397348,0,0.331280062035,0,0,0,0.29501776276,0,0,0,0.0303021683597,0,0,0.166601034767,0,0,0.0583879778395,0.0246053970386,
4048.46906,8,7,5,2,C-FS,0.854126744197,0.763186265217,1.04111382633,0.645853804864,0.497730233854,0,0,0,0,0,0,0,0,0,0,0,0.04955234027,0,0.0319384627456,0.0357046578662,0,
2442.87766,6,5,1,1,CH-FS,0.738539092417,0.85912569479,0.914305775335,0.491319329431,0.962471044373,0.497526702203,0.596291643076,0.562353064779,0.79145533138,0.669338259907,0.644857959171,1.38897996661,1.18233480481,0.890293672387,0.626864477817,0.922840674191,0.915547507261,0.765368674121,0.749552670411,0.514875844997,0.296730312199,
2879.01056,6,5,0,3,C-S,0.667615778705,0,0,2.03484359696,0,0.44812846869,0.259494518358,0,0.325604216329,0.373686837034,0.206515746466,0.266032206856,0.150663172374,0.221417020134,0.41175119698,0.282347722115,0.28678251007,0.100425622001,0.16856078477,0.450142565468,0.385322570213,
2384.83576,6,4,0,2,H-S,0.660279256766,0.59742155699,0.764269283953,0.622138027852,0.756427517497,0.609360586652,0,0,0.230522089017,0.118558149639,0.117195419704,0.0829654206468,0,0.207953077493,0.0755787560313,0.24081996902,0.386863446453,0.208037197755,0.21987288236,0.0426740875905,0.149335517013,
2953.04736,7,6,0,2,C-S,0.619018459804,0.122650989774,0.117588515382,0.336067850259,0,0.497812565702,0.0882922528007,0.115302920687,0.380592300155,0.178841490108,0,0,0,0.0182496600897,0.167298684205,0.0158891636213,0.0591520804094,0.14257530364,0.109447445045,0.133107750464,0.108885681093,
1728.60816,5,3,0,1,H-S,0.597331497201,0.984485485553,1.0756885103,0.446624361364,0.729569048263,0.918894603966,0.683395158644,0.587188002525,0.646449325861,1.01823494325,0.886798680654,0.597300663615,0.507437676684,0.584424082226,0.871790102822,0.917907136719,0.798369996688,0.946809251589,0.852461081698,0.907985377249,0.649212502857,
3610.29536,8,7,2,2,C-FS,0.588519335671,0.197016169782,0.967418358788,0.817009494001,1.1308775768,0.66753721177,0.103822851955,0,0,0,0.0480292650158,0,0.0745536982167,0.0917531327918,0.0125839734074,0.158703873014,0.0717243986207,0,0,0.0832748609678,0,
4413.60126,9,8,5,2,C-FS,0.586704113748,0.346270285881,0.479822568317,0.914981353283,0.164778673915,0,0,0,0,0,0,0,0,0.0292546558046,0,0,0,0,0.053286135784,0,0,
2296.81976,6,5,0,1,CH-S,0.550169685433,0.714235530737,0.926197474851,0.299439499569,0.704836942431,0.543390778057,0.112823626951,0.376529890533,0.339536579385,0.223499114712,0.130042669405,0.327726002815,0.346562818114,0.0970052524399,0.0872880991863,0.352236631067,0.272936416653,0.278352250377,0.126893981197,0.198610521181,0.0801956342021,
3390.20066,7,6,1,3,C-FS,0.527709401246,0,0,1.15923628926,0.767981241635,0.451415898925,2.83602368124,2.504841306,1.70631407737,2.19020679049,1.80694388256,1.87570232192,1.70684025872,1.71790428664,2.13993791018,1.97411612999,1.90394279394,1.56320563449,1.68871875033,3.17658542957,2.28970589469,
4267.54336,9,8,4,2,C-FS,0.525540704986,0,0,0.238059555215,0,0,0,0,0,0,0,0,0,0,0,0.0232434203111,0.0572152620528,0,0,0.0366550750591,0,
3465.25786,8,7,3,1,C-FS,0.501489014504,0.563500166968,0.492577114497,0,0,0.344875593907,0.0685652113262,0,0,0.0282646662243,0,0.0643134541725,0,0.234373219058,0,0.0441112796424,0,0,0,0,0,
2646.97746,6,6,3,0,C-F,0.476285831203,0,0,0,0,0,0.0612822850921,0,0,0.0103303724349,0,0,0,0,0.0411054076075,0,0.01852008991,0.0206724877461,0.0837359457391,0.0308521068475,0.0120722955314,
4412.58086,9,8,3,3,C-FS,0.457479144204,0,0,0.983631533366,0.964285879235,0.710801291041,0,0,0,0,0,0,0,0,0.0398753896196,0.0477037362916,0.0464280600175,0,0,0.061872248166,0.0953016545988,
4193.50656,8,7,4,3,C-FS,0.43636021023,0.417940986356,0,0.544535060617,0.812145845708,0.634535291789,0.189264957324,0,0,0.0338970483304,0,0,0,0.148388683755,0,0,0,0,0,0.196664788696,0,
2264.82996,4,5,2,1,C-FS,0.424581333959,0.291519361973,0.265000356447,0,0,0,0.79707594627,0.865504436456,0.533109099469,0.734852550237,0.746262811395,0.399371119779,0.4464009259,0.696725696435,0.640609827345,0.56002453756,0.651774686978,0.808319782746,0.844723285263,0.622845994234,0.745560977267,
1566.55536,4,3,0,1,C-S,0.419242173557,0.403770929221,0.346195367908,0.189844632317,0.402357220539,0.2963128305,0.332066867657,0.478436800777,0.351784738969,0.420345457519,0.563964466044,0.480071803649,0.244392571688,0.380972572028,0.276165793833,0.301171577001,0.471914096966,0.377483259554,0.298790049731,0.305875192361,0.451550343989,
4558.63876,9,8,4,3,C-FS,0.393461700292,0,0,1.14334379079,0.974231246729,0.798406542408,0,0,0,0,0,0,0,0,0.0227743384532,0,0,0,0,0,0,
1874.66606,5,3,1,1,H-FS,0.370248160749,0,0.378664249885,0.0977259178907,0.127793715944,0.236688170635,0.458571555021,0.291578256957,0.572258858479,0.433795492823,0.781356587615,0.321786984132,0.439525006353,0.847722971767,0.224506145471,0.957409305176,0.72340231007,0.602921653888,0.561234481678,0.425922930332,0.455252699352,
2530.89366,6,4,1,2,H-FS,0.332126956807,0,0.160643423617,0.243068171167,0.305872122787,0,0,0,0,0,0.0144790685926,0,0,0,0,0,0,0,0,0,0.0108197037864,
2661.95196,7,6,0,1,C-S,0.308945831941,0.304095645717,0.460925466146,0.0715338103633,0.661750009758,0.668022158777,0.0699573625469,0.0452930192685,0.125394166299,0.0597579163535,0.151997886033,0.170333557193,0,0.109361125936,0,0.0269404539318,0.08729152712,0,0,0.092570545683,0.0500113033448,
3083.11036,6,6,2,2,C-FS,0.296095727766,0,0,0.0949997421519,0,0,0.10177812985,0.0746639316485,0,0.0614431097348,0.0785442782996,0,0,0.0150471481092,0.0570063332124,0,0,0.0505194125684,0.163380417488,0.0511362679854,0,
3318.17956,8,7,0,2,C-S,0.290075859143,0,0,0,0.27615012669,0.135061995285,0,0,0,0.0501283377516,0,0.0604346699156,0,0,0,0,0,0.0261611476854,0.0529199045015,0,0,
3374.20576,6,6,2,3,C-FS,0.280407024001,0,0,0,0.180407626038,0,0,0,0,0,0,0,0,0,0,0,0,0,0,0,0,
1712.61326,4,3,1,1,C-FS,0.258508594219,0.320510079502,0.180353958327,0.084494531298,0.230645225413,0.253261447285,0.190647702118,0.415502902466,0.257158448138,0.691692418614,0.562472862701,0.933416333119,0.457678776196,0.527485748312,0.581336098238,0.768382269711,0.710019169859,0.568361262823,0.469797878451,0.588908810062,0.539736189605,
3464.23746,8,7,1,2,C-FS,0.238865299836,0,0,0.128924038815,0,0.17870382275,0,0,0,0.118925329986,0,0,0,0,0.0633667772629,0.0699305020663,0,0.0594669316928,0,0.052649911831,0.0870292123535,
3027.08416,8,7,0,1,C-S,0.230756999869,0,0.128955664943,0,0.521232526441,0,0.124185415165,0.110475840018,0,0.0973712956161,0.164228670819,0,0.613709375563,0.147234614892,0.064022565431,0.143310261633,0.180822460303,0.199675336812,0.169265393125,0.125203462294,0.160489279475,
2118.77206,4,5,1,1,C-FS,0.208051290269,0.159115461087,0,0,0,0,0.448234479466,0.478603985099,0.32144153787,0.314153613131,0.51064750344,0.23102174242,0.249856090726,0.405810672674,0.440613257224,0.446207358666,0.650060190783,0.502242224814,0.500762991295,0.303857000567,0.251593391888,
2571.92026,5,5,1,2,C-FS,0.20457057136,0.261254034917,0.260159672626,0,0,0.132984380214,0.283863043737,0.215534321387,0,0.0650676455804,0.0311471920102,0,0,0.0700598989107,0.135385751263,0.0165558418152,0.0218353056655,0.12293640749,0.286371198524,0.165640646557,0.0577331388951,
3246.18356,7,6,4,1,C-FS,0.199702195556,0,0.292847117084,0.112924835613,1.59337972875,1.17430172906,0.286662043721,0.270696348513,0.168121045936,0,0.417150929069,0.140447482241,0.863620376028,0.299822665266,0.0796957919365,0,0.0718401369222,0.114573234883,0,0.0969598905674,0.159584088226,
3536.25856,7,6,2,3,C-FS,0.19170657518,0.574863218849,1.01403108411,2.03957764342,1.75338042425,1.81652300551,0,0.464200469137,0.939307234934,0.463822761718,0.070602759691,0.5205581988,0.525336726348,0.688104534183,0.0650632647186,0.046174298082,0.483638321522,0.276064707556,0.280969545016,0.992631186123,0.821231168372,
3228.14786,6,6,1,3,C-FS,0.187827618808,0,0,0,0,0,0.0654799032154,0.047128380489,0,0.0817065325877,0,0,0.104792186466,0.0425969029904,0.0265208558887,0,0.0490076509752,0.127449844902,0.163246304624,0.0617611142567,0.0163986376051,
3578.30556,6,7,4,2,C-FS,0.168936036226,0,0,0,0,0,0,0,0,0,0,0,0,0,0,0,0,0,0,0,0,
1234.43336,5,2,0,0,HM,0.139301303485,1.40576746286,1.25838773908,0.555349975446,1.05984363622,0.88455184805,5.08854787246,5.27631594153,5.78797684246,6.69687629267,6.29843714419,6.33782023885,3.40356797383,5.50573006545,5.75117292622,6.62175917599,5.97344075382,6.92317161516,6.2361285066,5.48810895398,6.66942962098,
4268.56376,9,8,6,1,C-FS,0.128430038175,0,0.243379775707,0.336692463316,0,0,0,0,0,0,0,0,0,0.0230743899571,0,0,0,0,0.0482734095822,0,0,
2921.05756,5,6,2,2,C-FS,0.124415248871,0,0.257012372898,0,0,0,0,0,0,0,0.0810887070167,0,0.0445165456771,0.0325456735708,0,0,0.0255526629771,0,0.0556841769563,0.0470087545915,0,
2750.98836,7,5,2,1,H-FS,0.123147989348,0,0,0,0,0,0,0,0,0.0246291697713,0,0,0,0.0294933885159,0.0192053303643,0,0.0283114194411,0,0,0,0,
2525.95126,4,7,3,0,C-F,0.120556358728,0,0,0,0,0,0,0,0,0,0,0,0,0.0131617419651,0,0,0,0,0,0,0,
1056.38566,3,2,1,0,HM-F,0.118115996602,0.12562780657,0,0.0369367533865,0,0,0.195869444999,0.540693162625,0.159794964316,0.323529727688,0.262926516814,0.213370316372,0.180285451329,0.141040956722,0.229337278228,0.222341931165,0.1255675566,0.217054890928,0.216039317724,0.209583438857,0.308347959519,
3612.33616,8,7,6,0,C-F,0.113920611238,0.368313051629,0,0,0,0.169071243786,0,0,0,0,0.190940941706,0,0,0,0,0,0,0,0,0.0143056013495,0,
2239.79826,6,4,1,1,H-FS,0.109336249749,0,0,0,0,0,0.0465665176908,0,0.173220037169,0.136062924628,0.159952700944,0.0585569665129,0,0.178539460639,0.086002355811,0.16396480771,0.171831490552,0.148556493585,0.180159484232,0.0575464718778,0.104836438381,
2206.75016,11,2,0,0,HM,0.0961048872273,0.159025440511,0.127912266663,0.044325405341,0.0784073864141,0.0984017031475,0.331741758018,0.171531847763,0.278313898973,0.313480220817,0.262769983076,0.340275010705,0.126501361914,0.336314998147,0.442978449328,0.301299327279,0.328883788499,0.12063443636,0.376202573932,0.204445940495,0.351187520861,
2749.96796,7,5,0,2,H-S,0.0936830477737,0,0,0,0,0,0,0,0,0,0,0,0,0.0235757286508,0,0.0435028318077,0.0574245064397,0.0336553425864,0.044096309687,0,0,
4559.65916,9,8,6,2,C-FS,0.0929452279784,0,0,0.150408125425,0,0,0,0,0,0,0,0,0,0,0.0197363822349,0,0,0,0,0,0,
2734.99346,6,5,3,1,CH-FS,0.0904786253991,0.163348474112,0,0.160318652597,0.21344051847,0.192939144357,1.38581187672,1.03470156983,0.770026668536,1.02681641377,1.4081194884,1.64507606338,2.00460814732,1.10596538603,1.05228168023,0.82332023685,0.854575000685,1.09566218134,0.827167395545,1.01166575758,0.981054896232,
2645.95706,6,6,1,1,C-FS,0.0861968008967,0,0,0,0,0,0.182901509346,0.13231832505,0,0.0974281537668,0.0824128978288,0,0,0.0151176033728,0.034899592281,0.0674236256848,0.0297767840384,0.0880212111883,0.143127827567,0.0270757766072,0.0487438303378,
2036.71886,6,3,1,1,H-FS,0.082635817073,0,0,0,0,0,0.229197004354,0.194650213148,0.299370065869,0.177006273413,0.218735652459,0.0765176812394,0.0752705753656,0.241029785778,0.14091954056,0.178663219905,0.275175985482,0.121690326252,0.238447514025,0.167144955154,0.158008727039,
2352.80806,11,2,1,0,HM-F,0.0816062651829,0,0,0.0361377691843,0,0,0,0,0,0,0.021178591711,0.0867309680648,0,0.0170065031664,0,0.0087327713153,0.0210408308838,0,0,0,0,
2368.80296,12,2,0,0,HM,0.0746510015896,0.113059706516,0.0725380366662,0,0.0699924934301,0,0.210188966656,0.0673320192059,0.132012854038,0.244983960247,0.244949312019,0.421215689069,0.316414320826,0.168554610559,0.256912118927,0.257825016463,0.209142380297,0.122337632663,0.136899832489,0.211258004603,0.27381316868,
1462.54446,3,4,1,0,C-F,0.0718355553414,0.193617893014,0.171609558539,0.0867470421351,0.109141850264,0.182753555648,0.726682948565,0.603827975428,0.948303664321,0.643589053071,0.470799694847,0.656677329633,0.301417860979,0.672530427285,0.99667438638,0.537454331504,0.662293794643,0.625017297575,0.840827822382,0.702204940771,0.930130704434,
3535.23816,7,6,0,4,C-S,0.06644545759,0.0865609222232,0,0,0,0,1.51209139774,0.319109408529,0,0.516924849253,0.881563563897,0,0,0,0.518441695119,0.5163927671,0.308516462985,0.64625970353,0.21962116283,0.424611105666,0.126756024198,
1786.65006,5,4,1,0,CH-F,0.0616156706874,0,0,0,0,0,0.831280654958,0.539552202953,0.637034744407,0.642526559196,0.675102211394,1.4032410479,1.29786794635,0.883698826806,0.821080738384,1.01339779553,0.759587203458,0.681980261811,0.670016004771,0.778797097501,0.748706055024,
2450.89406,3,6,1,2,C-FS,0.0576765156297,0.15415409976,0.173211716553,0,0,0,0,0,0,0,0.01175453542,0,0,0,0,0,0,0,0.0403411494947,0,0.0140997391956,
2370.85656,7,6,0,0,C,0.0547545640136,0,0.0545569963722,0,0,0,0.0980696459393,0.263052798627,0.0559475870082,0.054985256887,0.364129506998,0.199976257446,0,0.73534682637,0.149135160255,0.217428596062,0.0742268307107,0.102498707683,0.16177931622,0.218355016055,0.256405170992,
1720.59176,8,2,0,0,HM,0.0468314907725,3.41627679232,2.79714362784,1.50267197104,2.26925176188,2.34898460945,8.68006344917,10.1188728926,10.7567705958,10.3677063186,10.093978384,10.8419760646,8.2566859471,7.9949174388,9.36414760766,9.38792702833,7.85894388617,9.66920740445,7.47147872013,7.72466643302,9.01847223884,
2572.94066,5,5,3,1,CH-FS,0.0409366501904,0,0,0,0,0.132014486201,0.218214412735,0.149634367888,0.0668586745588,0.0551578864529,0.0463823366895,0,0.115002347391,0.0316466411166,0.0624176004658,0,0.0945438067935,0.227161265604,0.242206284949,0.145265355613,0.0356724376628,
3755.33286,8,7,1,3,C-FS,0,0,0,0.121107266661,0,0,0.26540234252,0.23324119424,0,0,0.157199762035,0,0.22219073386,0.314311411741,0.162708167028,0.121877330143,0.407475326343,0.219478191021,0.305210961005,0.370689377376,0.122331671054,
2628.94176,5,6,0,2,C-S,0,0,0,0,0,0,0,0,0,0,0.0476890005579,0,0,0.129189915569,0,0,0,0,0,0.0261773700839,0,
1769.63476,4,4,0,1,C-S,0,0.0504217525394,0,0.0968163251263,0,0,0.0596367482395,0.0639744007366,0.114114931002,0.0803974250464,0.0134141556711,0.0827997906437,0,0.0146209228784,0.193277047912,0.0673701488243,0.0670072454727,0.0578339094382,0.129910489,0.109763405998,0.184623607598,
2304.83616,3,6,0,2,C-S,0,0,0,0,0,0,0,0,0,0,0,0,0,0,0,0.0651568009881,0,0,0,0,0,
3757.37366,8,7,5,1,C-FS,0,0.473450947399,0.166782178522,0,0,0.440003479367,0.0403700337945,0,0,0,0,0,0,0,0,0.111438052791,0,0.0232053118213,0.0957921763951,0,0.00913145026699,
4776.71776,8,7,6,4,C-FS,0,0,0,0,0,0,0,0,0,0,0,0,0,0,0,0,0.0327395537797,0,0,0,0,
3432.24766,6,7,3,2,C-FS,0,0,0,0,0,0,0,0,0,0,0.0198912679183,0,0,0,0,0,0,0,0.0250048276762,0,0,
1478.53936,4,4,0,0,CH,0,0,0,0,0,0,0,0,0,0,0,0,0,0.0675753318887,0.014315888924,0.0331033650077,0.0417906812921,0.093763678201,0,0,0.00626039299001,
2028.70246,9,2,1,0,HM-F,0,0,0,0,0,0,0,0,0,0,0,0,0,0,0.0083137849474,0,0,0,0,0,0.0435769535332,
1811.68176,3,5,2,0,C-F,0,0,0,0,0,0,0.0690396479964,0,0,0.0203565880155,0.0357271637009,0,0,0.029215643386,0.0626737158224,0,0.0343559666688,0.0312281075003,0.0657178824592,0.0568569971041,0.0545080102113,
2167.77716,7,5,0,0,H,0,0,0,0,0,0,0,0,0,0.0165464068827,0,0,0,0,0,0,0,0,0,0,0,
3829.36966,9,8,1,2,C-FS,0,0,0,0,0.623752584034,0,0.192500180368,0.183810362999,0,0,0,0,0,0.0298043233155,0,0.0747867951846,0.0982081991197,0.0411810174345,0.0858879413878,0.0406461160123,0,
2864.03606,5,5,3,2,C-FS,0,0,0.134841647586,0,0,0,0,0,0,0,0,0,0.044147430209,0,0,0,0,0,0,0,0,
2207.80846,4,4,3,1,C-FS,0,0,0,0,0,0,0,0,0,0,0,0,0,0,0,0,0.0107453531579,0.00764175715293,0.0177209517043,0,0,
1624.59726,4,4,1,0,CH-F,0,0,0,0,0,0,0.0365510243646,0.0281302287263,0.124081009375,0.163586379779,0.04806734079,0.208754647612,0,0.100282877883,0.0821779704502,0.163586310375,0.120621542404,0.166937503517,0.171292560646,0.132939271458,0.200014424561,
3463.24216,6,5,4,3,C-FS,0,0,0,0,0,0,0,0,0,0,0,0,0,0,0.0408544588431,0,0,0,0.0576014750929,0,0,
3101.12096,9,8,0,0,C,0,0.0797561849967,0,0.112604721421,0,0.660790492888,0,0.0522297021075,0,0.0884747076313,0.0697753670749,0.640724456169,0,0.060144921819,0.045463428135,0.0610016489293,0.299395369381,0.123049210634,0.0307298995134,0.110551567683,0.103790644864,
1884.69816,4,6,0,0,C,0,0,0,0,0,0,0,0,0,0,0,0,0.145939409543,0,0,0,0,0,0,0,0,
3976.44796,9,8,4,1,C-FS,0,0,0,0,0,0,0,0,0,0,0,0,0,0,0.0671132946983,0,0,0,0,0.0448465332508,0.0698767618548,
2427.90316,5,5,4,0,C-F,0,0,0,0,0,0,0.336842393149,0.405071480683,0,0.166182673647,0.0957907908579,0,0.258759094807,0.0478740604594,0.218678967545,0.0171209139742,0.0357984451612,0.148296128189,0.22818323756,0.180208523933,0.0785499718808,
4191.46576,8,7,0,5,C-S,0,0,0,0,0,0,0,0,0,0,0.115592006548,0,0,0,0,0,0,0,0,0,0,
4265.50256,9,8,0,4,C-S,0,0,0,0,0,0,0,0,0,0,0,0,0,0,0.0164552271404,0,0.0400709539869,0.0153077800984,0,0,0.0234451717476,
1519.56596,3,5,0,0,C,0,0,0,0,0,0,0,0,0.105602601407,0,0.0560916590979,0,0,0.117600315849,0.0966835471166,0,0.159983027142,0.0254489138828,0.0973721290969,0.0121322666179,0.0829014581559,
2458.87256,7,5,0,1,H-S,0,0,0,0,0,0,0,0,0,0,0,0,0,0,0,0.0243961437479,0.0124421943582,0.0219631655763,0,0,0,
1948.70286,6,4,1,0,H-F,0,0,0,0,0,0,0,0,0,0.0272405344743,0.0256002165315,0,0,0,0,0,0,0.0151202120804,0,0,0,
1858.67116,4,3,2,1,C-FS,0,0,0,0,0,0,0,0,0,0,0.0443220142437,0.228819539419,0,0,0.0400303873859,0.0171975641409,0.029231440855,0.0235673312127,0.038967524276,0,0.026874019777,
1754.66026,3,4,3,0,C-F,0,0,0,0,0,0,0,0,0,0,0,0,0,0,0,0,0,0,0.0205373218485,0,0,
2443.89806,6,5,3,0,CH-F,0,0,0,0.0399322935061,0,0.306489911367,0.202743191652,0.0282006221251,0,0,0.140695424884,0.22117182754,0.279742241483,0.0583980971023,0.0213819418531,0.0688532404214,0.0442741506095,0.0978403313474,0.106414431043,0.215575334714,0.320138537365,
3303.20506,7,7,3,1,C-FS,0,0,0,0,0,0,0,0,0,0,0,0,0,0,0,0,0,0.0498321003906,0,0,0,
2938.07286,6,6,3,1,C-FS,0,0,0,0,0,0,0,0.148626862367,0,0.0410091124297,0.0332353158148,0,0,0,0.0139509060887,0,0,0.116204289641,0.106371102272,0.0550450698457,0.0514958375186,
4266.52296,9,8,2,3,C-FS,0,0,0,0,0.424972019032,0.300474866915,0,0,0,0,0,0,0,0.0270315302152,0.0986184358986,0.0554531275615,0.0360266523207,0.0641803979354,0.0546685299208,0.0504828005983,0.0305106923279,
4702.65586,9,8,1,5,C-FS,0,0,0,0,0,0,0,0,0,0,0,0,0,0.0219273083932,0,0,0,0,0.0808829524666,0,0,
4484.60196,8,7,4,4,C-FS,0,0,0,0,0,0,0,0,0,0,0,0,0,0,0,0,0,0,0,0.0173862333172,0,
2702.97856,6,7,0,1,C-S,0,0,0,0,0,0,0,0,0,0,0,0,0.0704934280669,0,0,0,0,0,0,0,0,
1957.73966,3,5,3,0,C-F,0,0,0,0,0,0,0,0,0,0,0,0,0,0,0,0,0,0,0,0.0092636781493,0,
3188.14166,7,5,3,2,H-FS,0,0,0,0,0,0,0,0,0,0,0,0,0,0,0,0.020867265144,0,0,0,0,0,
1380.49126,5,2,1,0,HM-F,0,0,0,0,0,0,0,0.0318662117141,0.0985867779099,0.125378387568,0.0916260264186,0.254209942857,0,0.0500296421598,0.0262333719365,0.1511161007,0.0176321090429,0.0469490619041,0.0314391502365,0.0409515119953,0.0616853968303,
2839.00436,7,4,2,2,H-FS,0,0,0,0.0882135815421,0,0,0,0,0,0,0,0,0,0,0,0,0,0,0,0,0,
1989.72946,5,5,1,0,CH-F,0,0,0,0,0,0,0.28429338778,0.193172685038,0,0.0508962653046,0.102628716393,0,0.18244828494,0,0.153461443145,0.0598334766216,0.0722207001509,0.121440454172,0.151094647508,0.0548565867354,0.0407120540198,
2500.91956,6,6,2,0,C-F,0,0,0,0,0,0,0,0,0,0.0219157344122,0,0,0,0,0.0361115271961,0,0,0.0297675691224,0.0913520089589,0,0.00649900632939,
4556.59796,9,8,0,5,C-S,0,0,0,0,0,0,0,0,0,0,0.08570252384,0,0,0.0640426700367,0.0492712065923,0.0249053622971,0,0,0,0,0,
2790.99456,6,6,0,2,C-S,0,2.27540510589,0,0,0,1.23277102395,0.270893344379,0,0.0550119989352,0,0,0,0,0,0.0140387381562,0,0,0,0.0319317571024,0,0.0147257784946,
3085.12606,8,8,1,0,C-F,0,0,0,0,0,0,0,0.0737004220026,0,0.0839192051981,0.0594447447327,0,0,0,0.0153418265196,0,0,0,0,0.0315029070208,0.0314025417555,
2556.94576,4,5,4,1,C-FS,0,0,0,0,0,0,0,0,0,0,0,0,0,0,0,0.0176877686952,0,0,0.0256140095701,0.0214515117219,0,
4339.56446,8,7,5,3,C-FS,0,0,0,0.595369454524,0,0,0,0,0,0,0,0,0,0,0,0,0,0,0.0292752907576,0,0,
3028.10456,8,7,2,0,C-F,0,0,0,0.348294650852,0,0,0.0278747711064,0.174660687686,0.0471874099152,0,0.0352841550905,0,0,0.0569365870894,0.0335064575963,0.063679057077,0.124778312928,0,0,0.0383123039156,0.0546604148603,
4337.52366,8,7,1,5,C-FS,0,0,0,0,0,0,0,0,0,0,0,0,0,0.0367071923208,0,0,0,0,0,0,0,
3611.31576,8,7,4,1,C-FS,0,0,0,0,0.223621343581,0,0,0,0,0.0213540032851,0,0,0,0.0626184256177,0,0.0970569366351,0.11147494714,0.0423457754764,0.0524634049452,0,0.0693625885945,
3247.17886,9,8,1,0,C-F,0,0,0,0,0,0,0.0940901393459,0.119667311412,0,0.0664096349438,0.0410009606095,0.344611812624,0,0,0.0439499856603,0.0193610002407,0,0.0382592848464,0.18602795367,0.100843353896,0.0615463340024,
2151.78226,6,5,1,0,CH-F,0,0,0,0,0,0,0.277113932245,0.442674021134,0.419036201084,0.222738722576,0.213833547631,0.34049134377,0.383901440679,0.346176988222,0.316608770511,0.418834336351,0.320884767919,0.251603477013,0.18534552552,0.253466663381,0.312078537964,
2135.78736,5,5,2,0,CH-F,0,0,0,0,0,0,0.189664142577,0.260708551795,0,0.0624658714088,0.158792900776,0,0.0513451818382,0,0.159707853125,0,0.00809710388571,0.274229033142,0.138145534669,0.00898939966098,0.00537880650175,
4615.66026,9,9,3,3,C-FS,0,0,0,0,0,0,0.0575408786863,0.0951528102834,0,0,0,0,0,0.0362582583686,0,0,0,0,0.0337231954744,0,0,
2662.97236,7,6,2,0,C-F,0,0.151332773051,0,0,0,0,0,0.30056734733,0.1188769366,0.1185375985,0.169988387131,0,0.624134599633,0.0804500123253,0.071570956647,0.321690648365,0.0847132439397,0.0621860121216,0.389463241271,0.147817879244,0.214630389605,
2322.87186,4,6,3,0,C-F,0,0,0,0,0,0,0,0,0,0.0271665503746,0,0,0,0,0,0,0,0,0,0,0,
3011.08926,7,7,1,1,C-FS,0,0,0,0,0,0,0,0.0444798288596,0,0,0,0,0,0,0,0,0,0,0.0614169860741,0.0125047874821,0,
1113.40716,3,3,0,0,C,0,0,0,0,0,0,0,0,0,0.0106496001242,0.0353717898088,0.068672227418,0,0.0123995441137,0.078537368155,0.0177941282288,0,0,0.0499070074296,0.0355201755766,0.0411235978869,
2865.03136,7,7,0,1,C-S,0,0,0,0,0,0,0,0,0,0,0,0,0.0260485701046,0,0,0,0,0.00617793961385,0,0,0,
2410.88786,4,5,3,1,C-FS,0,0,0,0,0.225220644163,0.121573662225,0.108764753628,0.199287378293,0.0382148956376,0.0761775912136,0.0985854318051,0,0,0.0872632109951,0.107468070266,0,0.0986397656677,0.0680084906664,0.181195764016,0.0730078658847,0.0794977543278,
1567.57576,4,3,2,0,CH-F,0,0,0,0,0,0,0.137433779929,0.112742360806,0.142073143449,0.289411412097,0.191741137341,0.255627938496,0.0783424702122,0.158149940272,0.26374456808,0.148488010102,0.111990865332,0.152602322617,0.192914649237,0.271168961537,0.161097871777,
3067.11546,5,6,3,2,C-FS,0,0,0,0,0,0,0,0,0,0,0.0136450278255,0,0,0,0,0,0,0,0,0,0.0233794889359,
4338.54406,8,7,3,4,C-FS,0,0,0,0,0,0,0,0,0,0,0.0667661721623,0,0,0,0,0,0,0,0,0,0,
3685.35256,9,8,4,0,C-F,0,0,0,0,0,0,0.0719115477909,0,0,0.0273597310793,0,0,0,0.0457749594249,0,0.0601097737341,0,0,0.0712933668711,0,0,
3596.31616,9,9,2,0,C-F,0,0,0,0,0,0.0969434589905,0,0,0,0,0,0,0,0,0,0,0,0,0,0,0,
2483.90426,5,6,1,1,C-FS,0,0,0,0,0,0,0,0,0,0,0,0,0,0,0.0171025273356,0,0,0,0,0,0.013926295521,
3903.43156,8,7,6,1,C-FS,0,0,0.486238802545,0,0,0.382432612615,0,0,0,0,0.034041555223,0,0,0,0,0,0,0,0,0,0,
1259.46506,3,3,1,0,C-F,0,0,0.271490711864,0.0251120474495,0,0.0534394585691,0.153354745811,0.267789687754,0.407383020437,0.451107087107,0.395083902628,0,0.0894464396678,0.199454192972,0.364134037979,0.593044122153,0.209279696926,0.432499057897,0.310778708136,0.244786660524,0.391450571285,
4046.42826,8,7,1,4,C-FS,0,0,0,0,0,0,0.291169486039,0,0,0.146323423191,0.0951229538668,0,0,0.803135853149,0.0726957975791,0.613217376486,0.704231600894,0.10130443719,0.753386235047,0.18792255085,0,
1583.57066,5,3,1,0,H-F,0,0,0,0,0,0,0.25813117432,0.214767326646,0.145815495742,0.137229544273,0.272530073183,0.0906232731382,0.168382240116,0.143368891794,0.284631255166,0.235075365831,0.195045847505,0.245683935298,0.191068018264,0.263543397211,0.243577009979,
2589.95596,6,5,4,0,C-F,0,0,0.109961635063,0.229879726722,0,0.654142464975,0.538957705787,0.230715831059,0.144919766184,0.492514891629,0.30256460646,0.310524143919,0.545192698103,0.326147896021,0.950690239559,0.215035209462,0.0970364305528,0.24211555213,0.139199352289,0.450062104518,0.433487057625,
2994.07396,6,7,0,2,C-S,0,0,0,0,0,0,0,0,0,0.0272323140188,0,0,0,0,0,0,0,0,0,0,0,
2922.07796,5,6,4,1,C-FS,0,0,0,0,0,0,0,0,0,0,0,0,0,0,0,0,0,0,0,0.0239938110326,0,
2881.05136,6,5,4,1,C-FS,0,1.87414043136,0,1.77551596715,0.114298372073,0,0.577918539212,0.546267439891,0.369618163679,0.485111001359,0.518179254193,0.908686759592,0.445090718515,0.464609957186,0.470093463321,0.155116764051,0.360839983605,0.40287708353,0.396192612132,0.501393079113,0.514596606575,
2256.81356,7,4,2,0,H-F,0,0,0,0,0,0,0,0,0,0,0,0,0,0,0.0121658484808,0,0,0,0,0,0,
4557.61836,9,8,2,4,C-FS,0,0,0,0,0,0,0,0,0,0,0,0,0,0.0889378336235,0,0.0422823710143,0,0,0.080066927271,0.0805014031256,0,
3158.16756,7,7,4,0,C-F,0,0,0,0,0,0,0,0.0421979095155,0,0,0,0,0,0,0,0,0,0,0,0,0,
3174.16246,8,7,3,0,C-F,0,0,0,0,0,0,0,0,0,0,0.0337611241245,0,0,0,0,0,0.0604212783939,0,0.0534971056355,0,0,
1704.59686,7,2,1,0,HM-F,0,0,0,0,0,0,0,0,0,0.0636968846227,0,0,0.0890056364847,0.0649451961403,0.0505573190098,0.027716462596,0.0672701087338,0,0,0,0.0188104283471,
3466.27826,8,7,5,0,C-F,0,0,0,0.145206920447,0.369226522634,0,0.0437357710152,0,0,0,0,0,0,0,0.0157765583497,0,0.145537317778,0,0,0.112264363494,0.0308375669455,
4470.62276,9,9,4,2,C-FS,0,0,0,0,0,0,0,0,0.0549938814279,0,0,0,0,0,0,0,0,0,0,0,0,
3010.09396,5,5,4,2,C-FS,0,0,0,0,0,0,0,0,0,0,0,0,0,0,0.0264178930868,0,0,0,0,0,0,
3974.40716,9,8,0,3,C-S,0,0,0,0,0,0,0,0,0,0,0,0,0,0.0949160500788,0,0,0.0400559145466,0,0,0,0,
2896.02586,7,5,1,2,H-FS,0,0,0,0.210420427439,0,0,0,0,0,0,0,0,0,0,0,0,0,0.0292324100221,0.0118339127929,0,0,
2385.85616,6,4,2,1,H-FS,0,0,0,0,0,0,0,0,0,0,0.0968061448352,0,0,0,0.00815657292735,0,0,0.0254915429778,0,0,0.0755721800348,
3392.24146,7,6,5,1,C-FS,0,0,0,0,0,0,0,0,0.0587666711323,0,0,0,0,0,0,0,0,0,0,0,0,
3082.08996,6,6,0,3,C-S,0,0.185323724428,0,0,0,0,0.0462719789401,0,0,0,0,0,0,0.021509235011,0.0135512332772,0,0,0,0.0235455765521,0,0.00961329526843,
3538.27426,9,8,1,1,C-FS,0,0,0,0,0,0,0,0.417468784781,0.0692117763971,0,0,0,0,0.0448735978711,0,0.0699810079901,0,0.0421706682707,0.0410885708022,0.155896425384,0.104210399082,
2379.89336,4,7,2,0,C-F,0,0,0,0,0,0,0,0,0,0,0,0,0.084098841191,0,0,0,0,0,0,0,0,
2093.74036,6,4,0,1,H-S,0,0,0,0,0,0,0,0,0.0783901055568,0,0.10524446164,0.0350155347422,0.120969205703,0.0745929090504,0.0340493188204,0.15225931714,0.157166074582,0.211088129292,0.171006281264,0.0738280341359,0.0920667761226,
3666.32156,6,6,4,3,C-FS,0,0,0,0,0,0,0,0,0,0,0,0,0,0,0,0,0,0,0,0,0.0170903597158,
1916.71306,4,4,3,0,CH-F,0,0,0,0,0,0,0.0324204270349,0,0,0,0,0.162565848067,0,0,0.034436813236,0.0123632559541,0,0,0.0235662093004,0.0136459104635,0.0161800369974,
2547.90896,7,4,2,1,H-FS,0,0,0,0,0,0,0,0,0,0,0,0,0,0,0.00490863163997,0,0,0,0,0,0,
3270.19486,5,7,3,2,C-FS,0,0,0,0,0,0,0,0,0,0,0,0,0.0399834416631,0,0,0,0,0,0,0.0143167147405,0,
2078.76586,5,4,3,0,CH-F,0,0,0,0,0,0.297794896615,0.889176038368,0.753732184677,1.1917703499,1.13768912254,0.947171749023,1.34875553728,1.24545507514,1.20364840646,1.20344325176,0.958021912322,0.976695909899,0.782685268342,0.874858445806,0.817167635585,0.691999723209,
3593.28006,7,7,1,3,C-FS,0,0.150189102543,0,0,0,0,0,0,0,0,0,0,0,0,0,0,0,0,0,0,0,
1665.62386,3,5,1,0,C-F,0,0.0797029910196,0,0,0,0.0896488350688,0.305455497299,0.287954463449,0.30529086723,0.0997730387034,0.26407302068,0,0.122262635112,0.178649510596,0.456885070341,0.181763689438,0.290824196181,0.116605003134,0.257118603789,0.146447820409,0.27521713878,
3431.22726,6,7,1,3,C-FS,0,0,0,0,0,0,0,0,0,0,0,0,0,0.0276539820893,0,0,0,0,0,0.0397899403746,0.0210672487053,
3723.34306,6,7,3,3,C-FS,0,0,0,0,0,0,0,0,0,0,0,0,0,0,0.021917053189,0,0,0.0199877988972,0.0175373202443,0,0,
3302.18466,7,7,1,2,C-FS,0,0,0,0,0,0,0,0,0,0,0,0,0,0,0,0,0,0,0.0168038260419,0,0,
1827.67666,4,5,1,0,CH-F,0,0,0,0,0,0,0.136935239289,0.141913825222,0.0574578624104,0.111918076694,0.203415894948,0.1022528655,0,0.116633739506,0.208753574871,0.156958744801,0.17880259808,0.220583268329,0.168789292458,0.146666531943,0.168935165395,
2459.89296,7,5,2,0,H-F,0,0,0,0,0,0,0,0,0,0,0,0,0,0,0,0,0,0,0,0,0.00835762464167,
2160.81906,3,6,3,0,C-F,0,0,0,0,0,0.139928481036,0.476559583273,0.415650288645,0.291846952169,0.273935719545,0.284934918651,0.0814916516394,0.127762760642,0.194669640073,0.342927760261,0.152180884411,0.283122694965,0.197270400022,0.472692653039,0.277581832643,0.347897735659,
2939.09326,6,6,5,0,C-F,0,0,0,0,0,0,0,0.109147164615,0,0,0,0,0,0,0,0,0,0,0,0,0,
1891.68136,6,3,2,0,H-F,0,0,0,0,0,0,0.170731944198,0.117033425074,0.197394589408,0.126912872598,0.0768550435575,0,0,0.116011869907,0.179914026208,0.150143416027,0.147013144595,0.176900250935,0.123031530713,0.138901827963,0.0812917161223,
2467.90936,4,6,2,1,C-FS,0,0,0,0,0.0984194726347,0,0,0,0,0,0,0,0,0,0,0,0,0,0,0,0,
4414.62166,9,8,7,1,C-FS,0,0.178347129737,0,0,0,0.374581575812,0,0,0,0,0,0,0,0,0,0,0,0,0,0,0,
2735.98876,8,7,0,0,C,0,0.238546344455,0,0,0,0,0.308489070061,0.408770800443,0,0.248114583724,0.0992012923425,0.208191843621,0.335652558016,0.166542268485,0.248587631753,0.0710529219489,0.661344348237,0.117331665246,0.163384544038,0.311363429341,0.134052460913,
2119.79246,4,5,3,0,CH-F,0,0,0,0,0,0,0.781042691164,0.504898852605,0.511627533503,0.426892365301,0.475848663375,0.265070538776,0.389223109557,0.401987455644,0.612040786688,0.311623332287,0.418257951158,0.593075644608,0.658739692001,0.397618901758,0.285738191032,
3539.29466,9,8,3,0,C-F,0,0,0,0,0,0,0,0,0.0491578700009,0.0691395112139,0,0,0.102405138087,0,0.018059454021,0,0,0,0.0579646114632,0,0.0830477050413,
3377.24186,8,8,3,0,C-F,0,0,0,0,0,0,0,0,0,0,0,0,0,0,0,0.025378929606,0,0,0,0,0,
1599.56556,6,3,0,0,H,0,0.185583556547,0.0984880550758,0.0421171379288,0.0749153688348,0.0553724403221,0.170579089757,0.124733436331,0.19998321884,0.0591352168479,0.168399479032,0.269442832838,0,0.206840932424,0.186175566922,0.337948802323,0.230214597839,0.283252628805,0.180437510516,0.157153572166,0.0981157525625,
4194.52696,8,7,6,2,C-FS,0,0,0,0,0,0,0,0,0,0,0,0,0,0,0.0181328934388,0,0.02859062992,0,0,0,0,
2793.03536,6,6,4,0,C-F,0,0,0,0,0,0,0.0771609220519,0.0920452350327,0,0,0,0,0,0,0.0621928537047,0,0.0127809087095,0.037223725754,0.164719482854,0.0194310972496,0.024889167311,
2717.97816,5,5,2,2,C-FS,0,0,0,0,0,0,0,0,0,0,0,0,0,0.0700092409939,0.0118381389179,0.0339566180259,0,0.010350344266,0,0,0,
2176.81396,4,6,2,0,C-F,0,0,0,0,0,0,0,0,0,0,0.028040087964,0,0,0,0,0,0.0243357760894,0.0141581061979,0.0247788990823,0.0389230958815,0.0190618703607,
2613.96726,4,6,3,1,C-FS,0,0,0.109813392684,0,0,0,0,0,0,0,0,0,0,0,0,0,0,0,0,0,0,
2630.98256,5,6,4,0,C-F,0,0,0,0,0,0,0,0,0,0,0,0,0,0.0629392590907,0.0392476486664,0,0,0.0444857560454,0.0179829876078,0.0166638629063,0,
2249.83036,5,7,0,0,C,0,0,0,0,0,0,0,0,0,0.0245003826348,0,0,0,0,0,0,0,0,0,0,0,
2573.93596,7,7,0,0,C,0,0,0,0,0,0,0,0,0,0.091603275994,0.118661639198,0,0.0650802429573,0.0240275739775,0.0673457913477,0,0.0267028532166,0.091112148492,0.0214926180953,0.0423673580006,0,
1973.73456,4,5,2,0,CH-F,0,0,0,0,0,0,0.396227519462,0.215807829072,0.310254339509,0.255607528929,0.355402297811,0.160297731085,0.211442152437,0.239341188552,0.485082854443,0.130298153105,0.376864834201,0.471605677986,0.423217901686,0.294440402158,0.276637016436,
3830.39006,9,8,3,1,C-FS,0,0,0,0,0,0,0,0,0,0,0,0,0,0,0,0.0242369015412,0,0,0.0456778098449,0,0,
4122.50586,9,8,5,1,C-FS,0,0,0.242144422553,0,0,0,0,0,0,0,0,0,0,0.0228176067238,0,0,0,0,0,0,0,
2014.76116,3,6,2,0,C-F,0,0,0,0,0,0,0.230089439131,0.173670047251,0.13286944978,0.133428953672,0.132747862502,0.0817975601146,0.143418137358,0.0917438163934,0.0440976025805,0.0415449845271,0.13166179937,0.127405904143,0.121010037198,0.199497369778,0.197266522556,
1421.51786,4,3,1,0,CH-F,0,0,0,0,0.142958997682,0,0.0883651526113,0.258682541786,0.102957445353,0.333621706913,0.410383111308,0,0,0.38700261095,0.372539345417,0.464046050945,0.271947736925,0.270119588384,0.25394116055,0.318001680016,0.238839124039,
2087.77756,4,7,0,0,C,0,0,0,0.250684546632,0,0,0,0,0,0,0,0,0,0,0,0,0,0,0,0,0,
4485.62236,8,7,6,3,C-FS,0,0,0,0,0,0,0,0,0,0,0,0,0,0,0.039004080748,0,0,0,0.0752233896054,0,0,
2061.75056,4,4,2,1,C-FS,0,0,0,0,0,0,0,0,0,0,0,0,0,0.0261220168128,0.00561903806858,0,0.089726608673,0.0593587193748,0.0190373210464,0.0242880936246,0,
2776.02006,5,6,3,1,C-FS,0,0,0,0,0,0,0,0,0,0,0.039954179009,0,0,0.018544291192,0.0131423344081,0,0.01507540419,0,0.0392677307639,0.015566748953,0,
3320.22036,8,7,4,0,C-F,0,0,0,0.0878960699047,0.313183987397,0,0,0,0,0,0,0,0,0,0,0,0,0,0.0408203450742,0.0349276095719,0.102223494028,
1640.59216,5,4,0,0,CH,0,0,0,0,0,0,0.151087208962,0.166442991642,0.240351923736,0.198152025159,0.157491071926,0.224617945666,0.209546241169,0.300329244434,0.301644474265,0.338197766818,0.318438570258,0.316494797086,0.173951090266,0.258253867661,0.352067054761,
4833.73926,8,8,5,4,C-FS,0,0,0,0,0,0,0,0,0,0,0,0,0,0,0,0.0185018053491,0,0,0,0,0,
1396.48616,6,2,0,0,HM,0,1.57032712291,1.48439654889,0.687605283899,1.18691105598,1.12044028152,8.89352232507,7.75964033197,9.81496314486,7.46885310506,7.57316994322,8.36789479399,7.49262302908,7.50004432568,6.64566651137,7.54047262493,6.98212489937,7.71569699029,7.38699690054,7.19863140991,8.50457402529,
1072.38056,4,2,0,0,HM,0,0.180708123952,0.072222546476,0.0452441070458,0,0.0519931253912,1.0693373379,1.01744418815,1.22059095569,1.32768029048,1.31822258563,1.28506404067,1.21846236258,1.19818375647,1.27564859212,1.38446957104,1.18967269359,1.38973276279,1.33772165755,1.13642824053,1.31530600147,
3230.16356,8,8,0,1,C-S,0,0,0,0,0,0,0,0,0,0,0.0366349385068,0,0,0,0,0,0,0,0,0,0,
2005.72436,6,5,0,0,CH,0,0,0,0,0,0,0.0760421451207,0.0900162919655,0.104796734686,0.0295758288795,0.034324403831,0.183658321934,0.115444675845,0.100144296456,0.171688811413,0.126168551102,0.111095691689,0.128659199536,0.112588265156,0.0697027434201,0.135404090023,
2233.83546,4,7,1,0,C-F,0,0,0,0,0,0,0.0606144287632,0,0,0,0.0688409996648,0,0,0,0.0216037362758,0,0,0,0,0.0267810494796,0.0666865271648,
2719.99386,7,7,1,0,C-F,0,0,0,0,0,0,0,0,0,0,0,0,0,0,0.0125677355461,0,0,0.0153490975289,0,0,0.0150074961792,
1729.62856,5,3,2,0,H-F,0,0,0,0,0,0,0.28481250498,0.156463994099,0.399277247705,0,0.19642022692,0.144098102718,0.0948687764005,0.0738161543264,0.0482674115348,0.193765085302,0.20817331723,0.169067646602,0.0794231855237,0.0589374238874,0.104326883444,
3101.14606,7,6,5,0,C-F,0,0,0,0,0,0,0,0.119599851071,0,0,0,0,0,0,0,0,0,0,0,0,0,
3393.23676,9,8,2,0,C-F,0,0,0,0.0801157335123,0,0,0,0.162604351614,0,0.162660893496,0,0,0,0,0.0779524361086,0.0458682916027,0,0,0,0,0,
1542.54406,6,2,1,0,HM-F,0,0,0,0,0,0,0,0,0,0.0617698728416,0,0,0.218456871603,0.0663484786627,0.0478341558739,0.0308721915513,0.0615819308527,0.0612881777977,0.0515101719733,0.006740493871,0.051016558252,
2629.96216,5,6,2,1,C-FS,0,0,0,0,0,0,0,0,0,0,0,0,0,0,0,0.00978864221598,0,0,0.0322974725662,0,0,
2604.93046,7,5,1,1,H-FS,0,0,0,0,0,0,0,0,0,0,0,0,0,0,0.00781483975702,0.0336916104729,0,0.00726924444586,0.0188820596154,0,0.0129862102785,
3609.27496,8,7,0,3,C-S,0,0,0,0,0,0,0.0679849523503,0.133589072551,0.745397729215,0,0,0,0,0,0,0,0.0802864173786,0,0,0.0547850164978,0.0699568127816,
2955.08816,7,6,4,0,C-F,0,0.243777767512,0.142109325219,0,0.929979704459,0,0.118576832967,0.0497087385133,0,0.191981203216,0.135761892433,0,0,0.0501443503161,0.082149554193,0.431188085308,0.0419705006871,0.070280949346,0.109303531626,0.112523972307,0.041518721051,
2541.94616,5,7,2,0,C-F,0,0,0,0,0,0,0,0,0,0,0,0.167899810208,0,0,0,0,0,0,0,0,0,
2939.06816,8,8,0,0,C,0,0,0,0,0,0,0.315224071913,0,0,0.0682112847783,0.0337581022377,0,0,0,0.166884987786,0.0108765992329,0.0473245414378,0.0462932296734,0.201783120279,0.116878198876,0.0322138271093,
1843.67156,5,5,0,0,CH,0,0,0,0,0,0,0,0,0,0,0,0,0,0,0.0393738611332,0,0,0.104199280657,0.105744898361,0.0130422310678,0.0130647217644,
6073.17806,9,9,7,6,C-FS,0,0,0,0,0,0,0.0396657275603,0,0,0,0,0,0,0,0,0,0,0,0,0,0,
2499.89916,6,6,0,1,C-S,0,0,0,0,0,0,0,0,0,0,0,0,0.0255376044772,0,0,0.00649030829945,0,0,0,0.0144051773323,0.0100587068353,
4121.48546,9,8,3,2,C-FS,0,0.339856319794,0,0,0,0,0,0,0,0,0,0,0,0.0213141729177,0.0265160583388,0,0,0.048463378525,0.0808695411802,0.0161366436403,0,
2208.80376,6,6,0,0,C,0,0,0,0,0.115093494333,0,0,0,0,0,0,0,0,0,0.00517618730789,0,0,0,0,0,0,
1770.65516,4,4,2,0,CH-F,0,0,0,0,0,0,0.221308539371,0.152607755722,0.291300528151,0.2133893245,0.292875832882,0.15881720167,0.113539612953,0.182601992655,0.15762977593,0.154059704776,0.198314637162,0.28413013233,0.311015468923,0.140436364984,0.188969449257,
4469.60236,9,9,2,3,C-FS,0,0,0,0,0,0,0,0,0,0,0,0,0,0.0322888903375,0,0,0,0,0.0290173814037,0,0,
3683.31176,9,8,0,2,C-S,0,0,0,0.353247311883,0.258637513633,0,0,0,0,0.123452745862,0,0,0,0,0.00910722589364,0,0,0,0.0407961015949,0.0206420123261,0,
2110.75566,7,4,1,0,H-F,0,0,0,0,0,0,0,0,0,0,0,0,0,0,0.0111424941813,0,0,0,0,0,0,
2240.81866,6,4,3,0,H-F,0,0,0,0,0,0,0,0,0,0,0,0,0,0,0,0,0.0370617581473,0,0.0364364018771,0.0187514022599,0,
4704.69666,9,8,5,3,C-FS,0,0,0,0.920585954193,0.763835376366,0.816637146723,0,0,0,0,0,0,0,0,0,0,0,0,0,0,0,
5067.81316,8,7,6,5,C-FS,0,0,0,0,0,0,0,0,0,0,0,0,0,0.0490333697964,0,0.0439300525042,0,0,0.0532335222758,0,0,
3319.19996,8,7,2,1,C-FS,0,0,0.325528859912,0,0,0,0,0,0,0.0407220815246,0.0986936153539,0,0.0660396381204,0.0662227072831,0.0187222539929,0.110068450976,0.0780834663174,0.0698959758265,0,0.0930199712125,0.081432831538,
2514.86086,12,2,1,0,HM-F,0,0,0,0,0,0,0,0,0.0276603606291,0,0.0979804500602,0,0.166237709751,0,0,0,0.0302063889203,0.0535185333598,0.0220832305156,0.0120535838101,0,
1722.64536,3,6,0,0,C,0,0,0,0,0,0,0,0,0,0,0.075364044592,0,0,0.114104919591,0.010102163936,0,0.0997415681427,0,0.107785992987,0.0581746007335,0,
1882.64456,9,2,0,0,HM,0,2.90384898115,2.44166410584,1.25049876329,2.08597155292,1.90651555741,6.00336171597,5.68712521748,6.13369656471,5.28376902844,3.03879187672,5.55466581071,4.27880328494,5.80893516564,6.37243829425,3.32668913051,5.83160902336,5.54137507819,4.89524384873,7.05340428436,6.65266716218,
2979.09946,5,7,3,1,C-FS,0,0.0954197653352,0,0,0,0,0,0,0,0,0,0,0,0,0,0,0,0,0,0,0,
2426.88276,5,5,2,1,CH-FS,0,0,0,0,0,0,0.907580888924,0.632689268931,0.206442472516,0.429583194408,0.38497266927,0.213214826982,0.328820871314,0.151043857324,0.465624730103,0.109949019321,0.109047712252,0.417583465473,0.494320931454,0.363896872835,0.262783587785,
2809.03026,7,6,3,0,C-F,0,0,0,0,0,0,0.13068584424,0.161532318812,0.133524578841,0.0597736722265,0.160632021105,0.166840116209,0,0.133272827207,0.227672159368,0.0939439891682,0.06340693424,0.0510244033861,0.169916872153,0.278597596575,0.12396963617,
4192.48616,8,7,2,4,C-FS,0,0,0,0,0,0,0.218337872091,0.412712830775,0,0.330195832076,0.219101300766,0,0,0.181411240474,0.155180442181,0.224680652529,0.295780018708,0.355453854923,0.227992384638,0.0478035843113,0.0835459707456,
4323.54446,9,9,1,3,C-FS,0,0,0,0,0,0,0,0,0,0,0.0380564340751,0,0,0,0,0,0,0,0,0,0,
2792.01496,6,6,2,1,C-FS,0,0,0,0,0,0,0.19741386276,0.205584654427,0,0.08460355812,0.130713528283,0,0,0,0.0400263279206,0,0,0.176733013716,0.10774885404,0.0317771855091,0.0231085473376,
3172.14676,6,5,4,2,C-FS,0,0,0,0,0,0,0,0,0,0.0392163680888,0.0652183617242,0,0,0.19653524887,0,0.154860075121,0.115538211579,0,0.0908465066253,0,0.0440577722407,
3447.22216,7,7,0,3,C-S,0,0,0.137709567447,0,0,0,0,0,0,0,0,0,0,0,0.0224510573979,0,0,0,0,0,0.0376265013109,
3084.13076,6,6,4,1,C-FS,0,0,0,0,0,0,0.0755694721555,0.0642200443678,0,0.0311836129713,0.0316869009993,0,0,0,0.018405615699,0.0254567681473,0,0.0680832555407,0.114236821746,0,0,
3392.21636,9,8,0,1,C-S,0,0,0,1.85009476616,0,0,0.0976686969813,0.114273417229,0,0,0.261537657624,0.268724539457,0,0.195505204562,0,0.176670315571,0,0,0,0.106614760078,0.126623119134,
3977.46836,9,8,6,0,C-F,0,0,0,0,0,0,0,0,0,0,0,0,0,0,0.0422951999845,0,0,0,0,0.0457467179167,0,
2937.05246,6,6,1,2,C-FS,0,0,0.450103772516,0,0.141644057453,0,0.0695217273888,0,0,0.0275618172775,0.0778172123266,0,0,0.0288191141753,0.0645635814436,0.077423204406,0.0765625211799,0.194780860874,0.0897699929822,0.0431155114785,0,
1437.51276,5,3,0,0,H,0,0,0,0,0,0,0.135001042702,0.125759273465,0.0913404997206,0.114932928755,0.111415154562,0,0,0.102425649536,0.129592525228,0.209866373804,0.125989968706,0.131319255064,0.161368724528,0.100498838777,0.0788901883195,
3681.29606,7,6,1,4,C-FS,0,0,0,0,0,0,1.2371597566,4.39430278653,0,5.87912729891,3.93236260577,0.12311886569,2.10498315034,3.79544950414,4.05393188609,4.4990985881,3.51327602997,4.20537924089,3.92891269239,4.14710407948,1.85928335075,
1868.70326,3,6,1,0,C-F,0,0.153231388849,0,0.0405438937912,0,0.128764490472,0.272949236617,0.284139287887,0.235114514748,0.194288411065,0.187212537726,0.302780096222,0.0978461044743,0.211294170901,0.345950954788,0.179745235048,0.201408184645,0.177349496013,0.357773403142,0.205560391338,0.273010093678,
2020.72396,5,3,2,1,H-FS,0,0.0725995491524,0,0,0,0,0,0,0,0,0.0211374940501,0,0,0.0135483725023,0.0178974444511,0.0369845967034,0,0,0.0128897936876,0,0,
1218.43846,4,2,1,0,HM-F,0,0,0,0,0,0,0,0,0.0242064390519,0.0618171404608,0.026624031792,0,0.0852382182766,0.0484586644646,0.0343940043292,0.0930966780234,0.041640286889,0.0440483159474,0.0532505442932,0.0343230411049,0,
2265.85036,4,5,4,0,C-F,0,0,0,0,0,0,0.0985540769384,0.200232556325,0.0809497469774,0.115265172166,0.0574720570053,0,0.0523869416099,0.0591754341012,0.103557329007,0,0.0236066901786,0.12992167658,0.0303187920033,0.0881945368677,0.187123146471,
1915.69266,4,4,1,1,C-FS,0,0,0,0,0,0,0,0.0332850786585,0.116751390653,0.200534587183,0.245418913233,0,0,0.217335273046,0.186025735748,0.33287028314,0.280981209442,0.146501115374,0.27784265201,0.101519048065,0.0917824927032,
2094.76076,6,4,2,0,H-F,0,0,0,0,0,0,0,0,0.0480758924695,0.0381134569734,0,0,0,0.0919778909054,0.0705837684929,0,0,0,0.0261308599152,0.0107408700726,0,
2030.75606,4,6,1,0,C-F,0,0,0,0,0,0,0,0,0,0,0,0,0,0,0.0320313955209,0.0141648319647,0.016116395015,0,0,0.0101122966812,0.0305661122003,
3157.14716,7,7,2,1,C-FS,0,0,0,0,0,0,0,0,0,0,0,0,0,0,0.0242626860514,0,0,0,0,0,0.0193574430133,
3684.33216,9,8,2,1,C-FS,0,0,0,0,0,0,0,0,0,0.0262191428761,0.02317847642,0,0,0.0868428085133,0.0494498230658,0,0,0.0472553355559,0,0.0550997477291,0.047335755062,
3450.25826,9,9,1,0,C-F,0,0,0,0,0,0,0,0,0,0,0,0,0,0,0.0683979309466,0,0,0,0,0,0,
2425.86236,5,5,0,2,C-S,0,0,0,0,0,0,0.135327916047,0,0,0,0,0,0,0,0.0180369424407,0.0364937979617,0.053495943075,0.0389479086887,0.0352969583517,0,0.0192132487157,
2190.75526,10,2,1,0,HM-F,0,0,0,0,0,0,0,0,0,0,0,0,0.303606624189,0,0.018176071388,0,0,0.00789294089732,0,0.00821679672305,0,
1866.64966,8,2,1,0,HM-F,0,0,0,0,0,0,0,0,0,0,0.074260451519,0,0,0,0,0,0,0,0,0,0,
2692.94646,7,4,1,2,H-FS,0,0,0,0,0,0,0,0,0,0,0,0,0,0,0.0140763804709,0,0,0,0,0,0.0337322289829,
4120.46506,9,8,1,3,C-FS,0,0,0,0,0,0,0,0,0,0,0,0,0,0.0250989598037,0,0.0286410180948,0.0409929370669,0,0,0,0.0598539753072,
3244.14276,7,6,0,3,C-S,0,0,0,0.303442228244,1.08526219157,0.399266229237,0.245648845469,0.194314377975,0.212686490205,0.0737052892165,0.0997077605765,0,0.192637092078,0.111994173059,0.236365688843,0.336640401804,0.165678397798,0.242766793535,0.216433403217,0.335182537868,0.198685887065,
3827.35396,7,6,2,4,C-FS,0,0,0,0,0,0,0.210626365519,0.0856782987652,0,0.116793491854,0.598538477727,0,0,0.326396527406,0.407573638138,0.342762908141,0,0.323827657258,0.277088525059,0.0366657439144,0.31841077153,
4850.75456,9,8,6,3,C-FS,0,0,0,0.367934827665,0.213587226678,0,0,0,0,0,0,0,0.0259357000854,0,0,0,0,0,0,0,0,
2774.99966,5,6,1,2,C-FS,0,0,0,0,0,0,0,0,0,0,0,0,0,0.0475503156119,0.0416903396539,0.0651122369377,0.0896723359101,0,0.0902961280641,0,0,
4411.56046,9,8,1,4,C-FS,0,0,0,0,0,0,0,0,0,0,0,0,0,0.161508501927,0.0347811297025,0.102241221164,0.210764024296,0,0.172291701483,0.0540373075556,0.0393429779135,
2452.93486,3,6,5,0,C-F,0,0,0.201183913049,0,0,0,0,0,0,0,0,0,0,0,0,0,0,0,0,0,0,
4705.71706,9,8,7,2,C-FS,0,0,0,0,0,0,0,0,0,0,0,0,0,0,0,0,0,0.0242369359203,0,0,0,
4324.56486,9,9,3,2,C-FS,0,0,0,0,0,0,0,0.0646966663388,0,0,0,0,0,0,0,0,0,0,0,0,0,
2660.95666,5,4,3,2,C-FS,0,0.0678468718893,0.0604733877088,0.0405829321073,0,0.0622212533113,0.129090866933,0.0990002494859,0.0788336221336,0.0170732010739,0.065616042032,0,0,0.114216134098,0.105730988158,0.124711603748,0.131856658205,0.173859812713,0.139202963019,0.0934947352733,0.12195502118,
2354.86166,6,6,1,0,C-F,0,0,0,0,0,0,0,0,0,0,0,0,0,0,0.0296890840391,0,0,0.0217532992624,0.0360134305368,0,0,
3042.08376,7,5,2,2,H-FS,0,0,0,0.0857307446401,0,0,0,0,0,0,0,0,0,0,0.0394059678133,0,0,0,0.0283519752707,0.0408852761853,0,
1932.70796,5,4,2,0,CH-F,0,0,0,0,0,0.100448689986,0.599084764043,1.03653253146,0.88231680421,1.02558129033,0.870974872419,1.60649441327,0.889461509341,1.07011763147,1.01902912374,0.645410446491,0.788368768881,0.788835663002,0.670672641986,1.06206809723,1.04195723079,
4703.67626,9,8,3,4,C-FS,0,0.255707539841,0,0,0,0,0,0,0,0,0,0,0,0.0487480550926,0,0.0182825502212,0,0,0,0,0,
2134.76696,5,5,0,1,CH-S,0,0,0,0,0,0,0.204781446838,0.0737788813116,0,0,0,0,0.0279109254213,0.0257761455189,0.0958598447018,0.0372763426866,0.037620179105,0.0778066241941,0.16677656786,0.0367333133313,0.0333699472246,
3231.18396,8,8,2,0,C-F,0,0,0,0,0,0,0,0,0,0,0,0,0,0,0,0,0,0,0,0.0113441049327,0,
3068.13586,5,6,5,1,C-FS,0,0,0,0,0,0,0,0,0,0,0,0.0705752823518,0,0,0,0,0,0,0,0,0,
2614.98766,4,6,5,0,C-F,0,0,0,0.139305628335,0,0,0,0,0,0,0,0,0.0209800961348,0,0,0,0,0,0,0,0,
2540.92576,5,7,0,1,C-S,0,0,0,0,0,0,0,0,0,0,0.0380528078109,0,0,0,0,0,0,0,0,0,0,
2718.99856,5,5,4,1,C-FS,0,0,0,0,0,0,0,0,0,0,0,0,0,0,0,0,0,0,0,0,0.0142634330779,
3213.17336,5,6,4,2,C-FS,0,0,0,0.184742324407,0,0,0,0,0,0,0,0,0,0,0,0,0,0,0,0,0,
3975.42756,9,8,2,2,C-FS,0,0,0,0,0,0,0,0,0,0,0,0,0.0484914006773,0,0,0.0306761097295,0,0,0,0,0,
1608.60236,3,4,2,0,C-F,0,0,0,0,0,0,0.0421290356747,0.0709836767681,0.0441465675027,0.0756891591482,0.0756644201436,0,0,0.0505845501447,0.00835622481196,0.0215363200873,0.0921100330179,0.0957639665048,0.112139502881,0.0721147937891,0.0998871358905,
2484.92466,5,6,3,0,C-F,0,0,0,0,0,0,0,0,0,0,0,0,0,0.00923604455183,0.0659548709168,0,0,0.0289084289001,0.0551069758223,0,0.0978032460599,
3900.37036,8,7,0,4,C-S,0,0,0,0,0,0,0,0,0,0,0.0976438118666,0,0,0.103642604088,0,0.0466751980085,0,0,0,0,0.00966820199384,
3012.10966,7,7,3,0,C-F,0,0,0,0,0,0,0,0,0,0,0,0,0,0,0,0,0,0.0284539371642,0,0,0,
2777.04046,5,6,5,0,C-F,0,0,0,0,0,0,0,0,0,0,0,0,0,0,0,0.0149010300772,0,0,0,0,0,
4996.81246,9,8,7,3,C-FS,0,0,0,0,0,0,0.0590829448401,0.0477787861632,0.20153697626,0,0,0,0,0,0,0,0,0,0,0,0,
2013.74076,3,6,0,1,C-S,0,0,0,0,0,0,0,0,0,0,0,0,0,0,0.0164474772521,0,0.0083743526984,0.0189437139858,0.0127974621389,0.00874579413164,0.0141166730455,
2297.84016,6,5,2,0,CH-F,0,0,0,0,0,0.129982813478,0.150876740154,0,0.128354566979,0.310048865676,0.3442243384,0.413821492501,0.527790886631,0.537160828143,0.415379251837,0.202074201045,0.113515733801,0.188760976828,0.396500040082,0.223470287636,0.342976656252,
910.32776,3,2,0,0,HM,0,0.208749533581,0.122189730745,0.136045928943,0.0873529646423,0.111685847994,1.01665370304,1.05979974955,1.12091205445,1.34796494951,1.29639670576,1.34800682206,1.34041079196,1.13693717053,1.31047253073,1.35068407897,1.23889351228,1.3823730135,1.3238347863,1.38147184265,1.4445251311,
1316.48656,3,4,0,0,C,0,0,0,0,0,0,0.354732241818,0.199629812848,0.402141263247,0.0703143513151,0.283998133731,0,0,0.378319145283,0.338105853562,0.21350636544,0.271935966928,0.193367542417,0.288909026566,0.30410638506,0.369117902161,
3229.16826,6,6,3,2,C-FS,0,0.11173190301,0,0,0,0,0,0,0,0,0.0835944555822,0,0,0,0.0144557559559,0.0473989181869,0,0,0,0,0,
2305.85656,3,6,2,1,C-FS,0,0,0,0,0,0,0.224462044079,0.288502945348,0.217736926519,0.149672573776,0.187663403242,0,0,0.190039390024,0.123900785826,0.0529640768001,0.282776787837,0.224886839428,0.270485013963,0.120085968036,0.248299501511,
1558.53896,7,2,0,0,HM,0,2.20479623904,2.20405437964,0.948935579322,1.68014586056,1.33135819806,6.99621186717,7.78075028569,8.94668523465,9.04300936847,7.99756131315,10.2432421945,8.7452011176,7.09951546867,7.72727081664,7.22994200316,8.30770574561,7.59657227973,6.64244715578,8.36511381582,8.93983554512,
2044.69736,10,2,0,0,HM,0,0.808464569354,0.749982899862,0.15408943863,0.492035781951,0.553203723277,1.15967901602,0.891565392564,1.34935207953,0.785167903352,0.984891544904,0.775559109427,0.818423559695,1.19703783945,1.37597384866,0.702166032698,0.415756172956,0.923039268217,0.868439597807,0.394358232858,1.06497341167,
2411.88316,6,7,0,0,C,0,0,0,0,0,0,0,0,0,0,0.125355118543,0,0,0,0,0.0395954558691,0.0114358596348,0.026816324084,0.0515947662414,0.00738551508098,0.0165315426694,
2369.86126,5,4,3,1,CH-FS,0,0.0772990324384,3.9518244199,0,5.22229236646,0,1.02029457826,1.10964780833,1.10303732182,0.952495960468,1.13199518302,1.30086311485,1.8461066097,1.13490270201,1.04269986594,0.909848768033,0.970969152584,1.06051547626,0.942044348308,0.708642261337,1.20475977679,
1681.61876,4,5,0,0,CH,0,0,0,0,0,0,0,0,0,0.00706137129036,0,0,0,0,0.0224027128565,0,0.0112004596995,0.0113347484444,0.0264073387426,0,0,
3173.14206,8,7,1,1,C-FS,0,0,0.190985597626,0,0,0,0,0,0,0,0.103437373311,0,0.17020951421,0.182660802421,0.0770460682183,0.132180538594,0,0.128905792455,0.20135189584,0.0126843798797,0.0685056331606,
2516.91446,7,6,1,0,C-F,0,0,0,0,0,0,0.188667061298,0.233862269332,0.174562182104,0.222118763223,0.254974119413,0.51349695234,0.307679096503,0.246371575761,0.233231781626,0.225548760231,0.195955406699,0.206005429504,0.312386515048,0.140630182521,0.189031540039,
2280.82486,5,5,1,1,CH-FS,0,0.128762159376,0,0,0,0,1.05308479546,0.810061569,0.206672927208,0.261717382493,0.32861508413,0.174732892888,0.19984399533,0.163418945892,0.421922740869,0.18187480247,0.24207286958,0.733689354046,0.474658438134,0.319388186669,0.153050187903,
1275.45996,4,3,0,0,CH,0,0,0,0,0,0,0,0.102789760787,0.0272190181531,0.177220690295,0.178604390881,0,0,0.154099053754,0.213028560881,0.162851300637,0.186673456473,0.205683415879,0.148915313467,0.136932979625,0.108791775198,
2557.94106,6,7,1,0,C-F,0,0,0,0,0,0,0,0,0,0,0,0.127056803519,0,0,0,0,0.030832160415,0,0,0,0.0196725152507,
2882.04666,8,7,1,0,C-F,0,0,0,0,0,0.153717991711,0,0.042296166968,0,0.260055480402,0.268440251538,0.0883433254421,0.0979727019283,0,0,0.0466015187785,0.0298166712497,0,0,0.0303697856809,0.0742898257658,
2531.91406,6,4,3,1,H-FS,0,0,0,0,0,0,0,0,0,0,0,0,0,0,0,0,0,0.0100952255282,0.00721681953994,0,0,
2688.00406,5,7,3,0,C-F,0,0,0,0,0,0,0,0,0,0,0,0,0,0.0233888184061,0,0,0,0,0,0,0,
1405.52296,3,3,2,0,C-F,0,0,0,0,0,0,0,0,0,0,0.0420344459079,0,0,0,0.0147185140739,0,0.0200828839249,0,0.0372023926581,0.058370196414,0.0461801480937,
2255.79316,7,4,0,1,H-S,0,0,0,0,0,0,0,0,0,0,0,0,0,0,0,0.0114149329617,0,0,0,0,0.0278120524316,
1972.71416,4,5,0,1,C-S,0,0,0,0,0,0,0.0384317218963,0.0350199826328,0.0576129482722,0.0363289330879,0.0855224193845,0,0,0.0612547377889,0.0560564183307,0.0733405432025,0.159087853499,0.0834631771845,0.170817491617,0.0973635289262,0.131551895746,
2281.84526,5,5,3,0,CH-F,0,0,0,0,0,0,0.295140762009,0.212948097246,0,0.17214181886,0.303051130241,0,0.229643205667,0.0401816266822,0.203630529655,0.0106234754267,0.068764898323,0.25645073303,0.195403474502,0.100942485344,0.0745951482108,
1745.62346,6,3,1,0,H-F,0,0,0,0,0,0,0.307586640955,0.177806392694,0.242017285001,0.257300942766,0.0944859401215,0.198962196202,0.300717761806,0.24055523173,0.382600176616,0.382150398441,0.268433085113,0.449064068382,0.314213029093,0.215348621539,0.219121965002,
1964.69776,7,4,0,0,H,0,0,0,0,0,0,0,0,0,0,0,0,0,0,0,0,0,0,0,0,0.0384783252751,
